Date,Title,SydneyTime
2025-07-30,JOLTS Job Openings,2025-07-30T00:00:00+10:00
2025-07-30,AUD CPI q/q,2025-07-30T11:30:00+10:00
2025-07-30,AUD CPI y/y,2025-07-30T11:30:00+10:00
2025-07-30,Trimmed Mean CPI q/q,2025-07-30T11:30:00+10:00
2025-07-30,ADP Non‑Farm Employment Change,2025-07-30T22:15:00+10:00
2025-07-31,Federal Funds Rate,2025-07-31T04:00:00+10:00
2025-07-31,FOMC Statement,2025-07-31T04:00:00+10:00
2025-07-31,FOMC Press Conference,2025-07-31T04:30:00+10:00
2025-07-31,Core PCE Price Index m/m,2025-07-31T22:30:00+10:00
2025-07-31,Employment Cost Index q/q,2025-07-31T22:30:00+10:00
2025-07-31,Unemployment Claims,2025-07-31T22:30:00+10:00
2025-08-01,Average Hourly Earnings m/m,2025-08-01T22:30:00+10:00
2025-08-01,Non‑Farm Employment Change (NFP),2025-08-01T22:30:00+10:00
2025-08-01,Unemployment Rate,2025-08-01T22:30:00+10:00
